rank,title,Title,Year,Rated,Released,Runtime,Genre,Director,Writer,Actors,Plot,Language,Country,Awards,Poster,Metascore,imdbRating,imdbVotes,imdbID,Type,DVD,BoxOffice,Production,Website,rating_Internet_Movie_Database,rating_Rotten_Tomatoes,rating_Metacritic,Response
1,Parasite,Parasite,2019,R,08 Nov 2019,132 min,"Drama, Thriller",Bong Joon Ho,"Bong Joon Ho, Han Jin-won","Song Kang-ho, Lee Sun-kyun, Cho Yeo-jeong",Greed and class discrimination threaten the newly formed symbiotic relationship between the wealthy Park family and the destitute Kim clan.,"Korean, English",South Korea,Won 4 Oscars. 309 wins & 260 nominations total,https://m.media-amazon.com/images/M/MV5BYjk1Y2U4MjQtY2ZiNS00OWQyLWI3MmYtZWUwNmRjYWRiNWNhXkEyXkFqcGc@._V1_SX300.jpg,97,8.5,"1,100,523",tt6751668,movie,N/A,"$53,847,897",N/A,N/A,8.5/10,99%,97/100,
2,Mulholland Drive,Mulholland Drive,2001,R,19 Oct 2001,147 min,"Drama, Mystery, Thriller",David Lynch,David Lynch,"Naomi Watts, Laura Harring, Justin Theroux","After a car wreck on Mulholland Drive renders a woman amnesiac, she and a Hollywood-hopeful search for clues and answers across Los Angeles in a twisting venture beyond dreams and reality.","English, Spanish, French","France, United States",Nominated for 1 Oscar. 50 wins & 61 nominations total,https://m.media-amazon.com/images/M/MV5BNjliY2UwMjQtYjVlNi00NzExLTg1MDMtMjE2OTYwYjI0NTcxXkEyXkFqcGc@._V1_SX300.jpg,87,7.9,"415,244",tt0166924,movie,N/A,"$7,220,243",N/A,N/A,7.9/10,84%,87/100,
3,No Country for Old Men,No Country for Old Men,2007,R,21 Nov 2007,122 min,"Crime, Drama, Thriller","Ethan Coen, Joel Coen","Joel Coen, Ethan Coen, Cormac McCarthy","Tommy Lee Jones, Javier Bardem, Josh Brolin",Violence and mayhem ensue after a hunter stumbles upon the aftermath of a drug deal gone wrong and over two million dollars in cash near the Rio Grande.,"English, Spanish",United States,Won 4 Oscars. 165 wins & 139 nominations total,https://m.media-amazon.com/images/M/MV5BMjA5Njk3MjM4OV5BMl5BanBnXkFtZTcwMTc5MTE1MQ@@._V1_SX300.jpg,92,8.2,"1,136,999",tt0477348,movie,N/A,"$74,283,625",N/A,N/A,8.2/10,93%,92/100,
4,There Will Be Blood,There Will Be Blood,2007,R,25 Jan 2008,158 min,Drama,Paul Thomas Anderson,"Paul Thomas Anderson, Upton Sinclair","Daniel Day-Lewis, Paul Dano, Ciarán Hinds","A story of family, religion, hatred, oil and madness, focusing on a turn-of-the-century prospector in the early days of the business.","English, American Sign ",United States,Won 2 Oscars. 114 wins & 138 nominations total,https://m.media-amazon.com/images/M/MV5BMjAxODQ4MDU5NV5BMl5BanBnXkFtZTcwMDU4MjU1MQ@@._V1_SX300.jpg,93,8.2,"684,715",tt0469494,movie,N/A,"$40,222,514",N/A,N/A,8.2/10,91%,93/100,
5,Interstellar,Interstellar,2014,PG-13,07 Nov 2014,169 min,"Adventure, Drama, Sci-Fi",Christopher Nolan,"Jonathan Nolan, Christopher Nolan","Matthew McConaughey, Anne Hathaway, Jessica Chastain","When Earth becomes uninhabitable in the future, a farmer and ex-NASA pilot, Joseph Cooper, is tasked to pilot a spacecraft, along with a team of researchers, to find a new planet for humans.",English,"United States, United Kingdom, Canada",Won 1 Oscar. 44 wins & 148 nominations total,https://m.media-amazon.com/images/M/MV5BYzdjMDAxZGItMjI2My00ODA1LTlkNzItOWFjMDU5ZDJlYWY3XkEyXkFqcGc@._V1_SX300.jpg,74,8.7,"2,409,911",tt0816692,movie,N/A,"$203,227,580",N/A,N/A,8.7/10,73%,74/100,
6,The Dark Knight,The Dark Knight,2008,PG-13,18 Jul 2008,152 min,"Action, Crime, Drama",Christopher Nolan,"Jonathan Nolan, Christopher Nolan, David S. Goyer","Christian Bale, Heath Ledger, Aaron Eckhart","When a menace known as the Joker wreaks havoc and chaos on the people of Gotham, Batman, James Gordon and Harvey Dent must work together to put an end to the madness.","English, Mandarin","United States, United Kingdom",Won 2 Oscars. 163 wins & 165 nominations total,https://m.media-amazon.com/images/M/MV5BMTMxNTMwODM0NF5BMl5BanBnXkFtZTcwODAyMTk2Mw@@._V1_SX300.jpg,85,9.1,"3,074,817",tt0468569,movie,N/A,"$534,987,076",N/A,N/A,9.1/10,94%,85/100,
7,Mad Max: Fury Road,Mad Max: Fury Road,2015,R,15 May 2015,120 min,"Action, Adventure, Sci-Fi",George Miller,"George Miller, Brendan McCarthy, Nick Lathouris","Tom Hardy, Charlize Theron, Nicholas Hoult","In a post-apocalyptic wasteland, a woman rebels against a tyrannical ruler in search for her homeland with the aid of a group of female prisoners, a psychotic worshipper and a drifter named Max.","English, Russian","Australia, United States",Won 6 Oscars. 245 wins & 234 nominations total,https://m.media-amazon.com/images/M/MV5BZDRkODJhOTgtOTc1OC00NTgzLTk4NjItNDgxZDY4YjlmNDY2XkEyXkFqcGc@._V1_SX300.jpg,90,8.1,"1,179,214",tt1392190,movie,N/A,"$154,280,290",N/A,N/A,8.1/10,97%,90/100,
8,Spirited Away,Spirited Away,2001,PG,28 Mar 2003,124 min,"Animation, Adventure, Family",Hayao Miyazaki,Hayao Miyazaki,"Daveigh Chase, Suzanne Pleshette, Miyu Irino","During her family's move to the suburbs, a sullen 10-year-old girl wanders into a world ruled by gods, witches and spirits, and where humans are changed into beasts.","Japanese, English","Japan, United States",Won 1 Oscar. 58 wins & 31 nominations total,https://m.media-amazon.com/images/M/MV5BNTEyNmEwOWUtYzkyOC00ZTQ4LTllZmUtMjk0Y2YwOGUzYjRiXkEyXkFqcGc@._V1_SX300.jpg,96,8.6,"927,910",tt0245429,movie,N/A,"$15,205,725",N/A,N/A,8.6/10,96%,96/100,
9,Eternal Sunshine of the Spotless Mind,Eternal Sunshine of the Spotless Mind,2004,R,19 Mar 2004,108 min,"Drama, Romance, Sci-Fi",Michel Gondry,"Charlie Kaufman, Michel Gondry, Pierre Bismuth","Jim Carrey, Kate Winslet, Tom Wilkinson","When their relationship turns sour, a couple undergoes a medical procedure to have each other erased from their memories forever.",English,United States,Won 1 Oscar. 73 wins & 111 nominations total,https://m.media-amazon.com/images/M/MV5BMTY4NzcwODg3Nl5BMl5BanBnXkFtZTcwNTEwOTMyMw@@._V1_SX300.jpg,89,8.3,"1,150,325",tt0338013,movie,N/A,"$34,400,301",N/A,N/A,8.3/10,93%,89/100,
10,The Social Network,The Social Network,2010,PG-13,01 Oct 2010,120 min,"Biography, Drama",David Fincher,"Aaron Sorkin, Ben Mezrich","Jesse Eisenberg, Andrew Garfield, Justin Timberlake","As Harvard student Mark Zuckerberg creates the social networking site that would become known as Facebook, he is sued by the twins who claimed he stole their idea and by the co-founder who was later squeezed out of the business.","English, French",United States,Won 3 Oscars. 174 wins & 188 nominations total,https://m.media-amazon.com/images/M/MV5BMjlkNTE5ZTUtNGEwNy00MGVhLThmZjMtZjU1NDE5Zjk1NDZkXkEyXkFqcGc@._V1_SX300.jpg,95,7.8,"799,416",tt1285016,movie,N/A,"$96,962,694",N/A,N/A,7.8/10,96%,95/100,
11,Inglourious Basterds,Inglourious Basterds,2009,R,21 Aug 2009,153 min,"Adventure, Drama, War",Quentin Tarantino,Quentin Tarantino,"Brad Pitt, Diane Kruger, Eli Roth","In Nazi-occupied France during World War II, a plan to assassinate Nazi leaders by a group of Jewish U.S. soldiers coincides with a theatre owner's vengeful plans for the same.","English, German, French, Italian","United States, Germany",Won 1 Oscar. 134 wins & 173 nominations total,https://m.media-amazon.com/images/M/MV5BODZhMWJlNjYtNDExNC00MTIzLTllM2ItOGQ2NGVjNDQ3MzkzXkEyXkFqcGc@._V1_SX300.jpg,69,8.4,"1,712,358",tt0361748,movie,N/A,"$120,540,719",N/A,N/A,8.4/10,89%,69/100,
12,In the Mood for Love,In the Mood for Love,2000,PG,09 Mar 2001,98 min,"Drama, Romance",Wong Kar-Wai,Wong Kar-Wai,"Maggie Cheung, Tony Leung Chiu-wai, Ping-Lam Siu","Two neighbors form a strong bond after both suspect extramarital activities of their spouses. However, they agree to keep their bond platonic so as not to commit similar wrongs.","Cantonese, Shanghainese, French, Spanish","Hong Kong, France",Nominated for 1 BAFTA Award45 wins & 50 nominations total,https://m.media-amazon.com/images/M/MV5BN2Q4NjllMDgtOTk2Zi00YzM1LWJmOTMtNmRiZDgyZGJmMjQzXkEyXkFqcGc@._V1_SX300.jpg,87,8.1,"181,324",tt0118694,movie,N/A,"$3,510,661",N/A,N/A,8.1/10,92%,87/100,
13,Everything Everywhere All at Once,Everything Everywhere All at Once,2022,R,08 Apr 2022,139 min,"Action, Adventure, Comedy","Daniel Kwan, Daniel Scheinert","Daniel Kwan, Daniel Scheinert","Michelle Yeoh, Stephanie Hsu, Jamie Lee Curtis",A middle-aged Chinese immigrant is swept up into an insane adventure in which she alone can save existence by exploring other universes and connecting with the lives she could have led.,"English, Mandarin, Cantonese",United States,Won 7 Oscars. 397 wins & 379 nominations total,https://m.media-amazon.com/images/M/MV5BOWNmMzAzZmQtNDQ1NC00Nzk5LTkyMmUtNGI2N2NkOWM4MzEyXkEyXkFqcGc@._V1_SX300.jpg,81,7.8,"590,278",tt6710474,movie,N/A,"$77,191,785",N/A,N/A,7.8/10,93%,81/100,
14,The LotR: The Fellowship of the Ring,The Lord of the Rings: The Fellowship of the Ring,2001,PG-13,19 Dec 2001,178 min,"Adventure, Drama, Fantasy",Peter Jackson,"J.R.R. Tolkien, Fran Walsh, Philippa Boyens","Elijah Wood, Ian McKellen, Orlando Bloom",A meek Hobbit from the Shire and eight companions set out on a journey to destroy the powerful One Ring and save Middle-earth from the Dark Lord Sauron.,"English, Sindarin","New Zealand, United States, United Kingdom",Won 4 Oscars. 125 wins & 126 nominations total,https://m.media-amazon.com/images/M/MV5BNzIxMDQ2YTctNDY4MC00ZTRhLTk4ODQtMTVlOWY4NTdiYmMwXkEyXkFqcGc@._V1_SX300.jpg,92,8.9,"2,132,884",tt0120737,movie,N/A,"$319,372,078",N/A,N/A,8.9/10,92%,92/100,True
15,The LotR: The Return of the King,The Lord of the Rings: The Return of the King,2003,PG-13,17 Dec 2003,201 min,"Adventure, Drama, Fantasy",Peter Jackson,"J.R.R. Tolkien, Fran Walsh, Philippa Boyens","Elijah Wood, Viggo Mortensen, Ian McKellen",Gandalf and Aragorn lead the World of Men against Sauron's army to draw his gaze from Frodo and Sam as they approach Mount Doom with the One Ring.,"English, Quenya, Old English, Sindarin","New Zealand, United States",Won 11 Oscars. 215 wins & 124 nominations total,https://m.media-amazon.com/images/M/MV5BMTZkMjBjNWMtZGI5OC00MGU0LTk4ZTItODg2NWM3NTVmNWQ4XkEyXkFqcGc@._V1_SX300.jpg,94,9.0,"2,108,964",tt0167260,movie,N/A,"$381,878,219",N/A,N/A,9.0/10,94%,94/100,True
16,La La Land,La La Land,2016,PG-13,25 Dec 2016,128 min,"Comedy, Drama, Music",Damien Chazelle,Damien Chazelle,"Ryan Gosling, Emma Stone, Rosemarie DeWitt","When Sebastian, a pianist, and Mia, an actress, follow their passion and achieve success in their respective fields, they find themselves torn between their love for each other and their careers.","English, Cantonese","United States, Hong Kong",Won 6 Oscars. 242 wins & 307 nominations total,https://m.media-amazon.com/images/M/MV5BMzUzNDM2NzM2MV5BMl5BanBnXkFtZTgwNTM3NTg4OTE@._V1_SX300.jpg,94,8.0,"732,274",tt3783958,movie,N/A,"$151,101,803",N/A,N/A,8.0/10,91%,94/100,
17,Get Out,Get Out,2017,R,24 Feb 2017,104 min,"Horror, Mystery, Thriller",Jordan Peele,Jordan Peele,"Daniel Kaluuya, Allison Williams, Bradley Whitford","A young African-American visits his white girlfriend's parents for the weekend, where his simmering uneasiness about their reception of him eventually reaches a boiling point.","English, Swahili","Japan, United States",Won 1 Oscar. 154 wins & 214 nominations total,https://m.media-amazon.com/images/M/MV5BMjUxMDQwNjcyNl5BMl5BanBnXkFtZTgwNzcwMzc0MTI@._V1_SX300.jpg,85,7.8,"780,027",tt5052448,movie,09 May 2017,"$176,196,665","Universal Pictures, QC Entertainment, Blumhouse Productions",N/A,7.8/10,98%,85/100,
18,Moonlight,Moonlight,2016,R,18 Nov 2016,111 min,Drama,Barry Jenkins,"Barry Jenkins, Tarell Alvin McCraney","Mahershala Ali, Naomie Harris, Trevante Rhodes","A young African-American man grapples with his identity and sexuality while experiencing the everyday struggles of childhood, adolescence, and burgeoning adulthood.",English,United States,Won 3 Oscars. 235 wins & 310 nominations total,https://m.media-amazon.com/images/M/MV5BNzQxNTIyODAxMV5BMl5BanBnXkFtZTgwNzQyMDA3OTE@._V1_SX300.jpg,99,7.4,"345,000",tt4975722,movie,N/A,"$27,854,932",N/A,N/A,7.4/10,98%,99/100,
19,Whiplash,Whiplash,2014,R,15 Oct 2014,106 min,"Drama, Music",Damien Chazelle,Damien Chazelle,"Miles Teller, J.K. Simmons, Melissa Benoist",A promising young drummer enrolls at a cut-throat music conservatory where his dreams of greatness are mentored by an instructor who will stop at nothing to realize a student's potential.,English,United States,Won 3 Oscars. 99 wins & 144 nominations total,https://m.media-amazon.com/images/M/MV5BMDFjOWFkYzktYzhhMC00NmYyLTkwY2EtYjViMDhmNzg0OGFkXkEyXkFqcGc@._V1_SX300.jpg,89,8.5,"1,093,323",tt2582802,movie,N/A,"$14,003,391",N/A,N/A,8.5/10,94%,89/100,
20,Arrival,Arrival,2016,PG-13,11 Nov 2016,116 min,"Drama, Mystery, Sci-Fi",Denis Villeneuve,"Eric Heisserer, Ted Chiang","Amy Adams, Jeremy Renner, Forest Whitaker","Linguist Louise Banks leads a team of investigators when gigantic spaceships touch down around the world. As nations teeter on the verge of global war, Banks and her crew must find a way to communicate with the extraterrestrial vi...","English, Mandarin, Russian","United States, Canada",Won 1 Oscar. 71 wins & 268 nominations total,https://m.media-amazon.com/images/M/MV5BMTExMzU0ODcxNDheQTJeQWpwZ15BbWU4MDE1OTI4MzAy._V1_SX300.jpg,81,7.9,"832,504",tt2543164,movie,N/A,"$100,546,139",N/A,N/A,7.9/10,94%,81/100,
21,Children of Men,Children of Men,2006,R,05 Jan 2007,109 min,"Drama, Sci-Fi, Thriller",Alfonso Cuarón,"Alfonso Cuarón, Timothy J. Sexton, David Arata","Julianne Moore, Clive Owen, Chiwetel Ejiofor","In 2027, in a chaotic world in which women have somehow become infertile, a former activist agrees to help transport a miraculously pregnant woman to a sanctuary at sea.","English, German, Italian, Romanian, Spanish, Arabic, Georgian, Hebrew, Sanskrit, Russian, Serbian","United States, United Kingdom, Japan",Nominated for 3 Oscars. 49 wins & 89 nominations total,https://m.media-amazon.com/images/M/MV5BMDNkNmNiYzYtYWY0YS00NWEwLTgwMWUtYjM0M2E4Nzk3MzhmXkEyXkFqcGc@._V1_SX300.jpg,84,7.9,"554,932",tt0206634,movie,N/A,"$35,552,383",N/A,N/A,7.9/10,92%,84/100,
22,The Grand Budapest Hotel,The Grand Budapest Hotel,2014,R,28 Mar 2014,99 min,"Comedy, Drama",Wes Anderson,"Stefan Zweig, Wes Anderson, Hugo Guinness","Ralph Fiennes, F. Murray Abraham, Mathieu Amalric","A writer encounters the owner of an aging high-class hotel, who tells him of his early years serving as a lobby boy in the hotel's glorious years under an exceptional concierge.","English, French, German","United States, Germany",Won 4 Oscars. 135 wins & 227 nominations total,https://m.media-amazon.com/images/M/MV5BMzM5NjUxOTEyMl5BMl5BanBnXkFtZTgwNjEyMDM0MDE@._V1_SX300.jpg,88,8.1,"938,889",tt2278388,movie,N/A,"$59,301,324",N/A,N/A,8.1/10,92%,88/100,
23,Oppenheimer,Oppenheimer,2023,R,21 Jul 2023,180 min,"Biography, Drama, History",Christopher Nolan,"Christopher Nolan, Kai Bird, Martin Sherwin","Cillian Murphy, Emily Blunt, Matt Damon","A dramatization of the life story of J. Robert Oppenheimer, the physicist who had a large hand in the development of the atomic bombs that brought an end to World War II.","English, German, Italian, Dutch","United States, United Kingdom",Won 7 Oscars. 364 wins & 368 nominations total,https://m.media-amazon.com/images/M/MV5BN2JkMDc5MGQtZjg3YS00NmFiLWIyZmQtZTJmNTM5MjVmYTQ4XkEyXkFqcGc@._V1_SX300.jpg,90,8.3,"931,486",tt15398776,movie,N/A,"$330,078,895",N/A,N/A,8.3/10,93%,90/100,
24,Inception,Inception,2010,PG-13,16 Jul 2010,148 min,"Action, Adventure, Sci-Fi",Christopher Nolan,Christopher Nolan,"Leonardo DiCaprio, Joseph Gordon-Levitt, Elliot Page","A thief who steals corporate secrets through the use of dream-sharing technology is given the inverse task of planting an idea into the mind of a C.E.O., but his tragic past may doom the project and his team to disaster.","English, Japanese, French","United States, United Kingdom",Won 4 Oscars. 159 wins & 220 nominations total,https://m.media-amazon.com/images/M/MV5BMjAxMzY3NjcxNF5BMl5BanBnXkFtZTcwNTI5OTM0Mw@@._V1_SX300.jpg,74,8.8,"2,731,250",tt1375666,movie,N/A,"$292,587,330",N/A,N/A,8.8/10,87%,74/100,
25,The Departed,The Departed,2006,R,06 Oct 2006,151 min,"Crime, Drama, Thriller",Martin Scorsese,"William Monahan, Alan Mak, Felix Chong","Leonardo DiCaprio, Matt Damon, Jack Nicholson",An undercover cop and a mole in the police attempt to identify each other while infiltrating an Irish gang in South Boston.,"English, Cantonese","United States, Hong Kong",Won 4 Oscars. 100 wins & 141 nominations total,https://m.media-amazon.com/images/M/MV5BMTI1MTY2OTIxNV5BMl5BanBnXkFtZTYwNjQ4NjY3._V1_SX300.jpg,85,8.5,"1,501,836",tt0407887,movie,N/A,"$132,399,394",N/A,N/A,8.5/10,91%,85/100,
26,Portrait of a Lady on Fire,Portrait of a Lady on Fire,2019,R,14 Feb 2020,122 min,"Drama, Romance",Céline Sciamma,Céline Sciamma,"Noémie Merlant, Adèle Haenel, Luàna Bajrami","On an isolated island in Brittany at the end of the eighteenth century, a female painter is obliged to paint a wedding portrait of a young woman.","French, Italian",France,Nominated for 1 BAFTA Award59 wins & 155 nominations total,https://m.media-amazon.com/images/M/MV5BZjJlYWJlYmMtNjMyMS00ZDgxLTlmNjAtOTJhMzBiZWM5N2VmXkEyXkFqcGc@._V1_SX300.jpg,95,8.0,"121,840",tt8613070,movie,N/A,"$3,759,854",N/A,N/A,8.0/10,97%,95/100,
27,Dune: Part Two,Dune: Part Two,2024,PG-13,01 Mar 2024,166 min,"Action, Adventure, Drama",Denis Villeneuve,"Denis Villeneuve, Jon Spaihts, Frank Herbert","Timothée Chalamet, Zendaya, Rebecca Ferguson","Paul Atreides unites with the Fremen while on a warpath of revenge against the conspirators who destroyed his family. Facing a choice between the love of his life and the fate of the universe, he endeavors to prevent a terrible fu...",English,"United States, Canada, United Arab Emirates, Hungary, Italy, New Zealand, Jordan, Gambia",Won 2 Oscars. 116 wins & 372 nominations total,https://m.media-amazon.com/images/M/MV5BNTc0YmQxMjEtODI5MC00NjFiLTlkMWUtOGQ5NjFmYWUyZGJhXkEyXkFqcGc@._V1_SX300.jpg,79,8.5,"666,586",tt15239678,movie,N/A,"$282,144,358",N/A,N/A,8.5/10,92%,79/100,
28,The Royal Tenenbaums,The Royal Tenenbaums,2001,R,04 Jan 2002,110 min,"Comedy, Drama",Wes Anderson,"Wes Anderson, Owen Wilson","Gene Hackman, Gwyneth Paltrow, Anjelica Huston",The eccentric members of a dysfunctional family reluctantly gather under the same roof for various reasons.,"English, Italian",United States,Nominated for 1 Oscar. 11 wins & 46 nominations total,https://m.media-amazon.com/images/M/MV5BZTc1MzFlMjEtMzkyNC00NDgyLThjMjMtMzQzZGI5YjUyNzU5XkEyXkFqcGc@._V1_SX300.jpg,76,7.6,"326,957",tt0265666,movie,N/A,"$52,364,010",N/A,N/A,7.6/10,81%,76/100,
29,Once Upon a Time… in Hollywood,Once Upon a Time... in Hollywood,2019,R,26 Jul 2019,161 min,"Comedy, Drama",Quentin Tarantino,Quentin Tarantino,"Leonardo DiCaprio, Brad Pitt, Margot Robbie","As Hollywood's Golden Age is winding down during the summer of 1969, television actor Rick Dalton and his stunt double Cliff Booth endeavor to achieve lasting success in Hollywood while meeting several colorful characters along th...","English, Italian, Spanish, German","United States, United Kingdom, China",Won 2 Oscars. 146 wins & 377 nominations total,https://m.media-amazon.com/images/M/MV5BMzMzNmViNjYtN2ViNi00NDM3LWFlMmItNDYyMGIzY2EzZjE2XkEyXkFqcGc@._V1_SX300.jpg,84,7.6,"924,807",tt7131622,movie,N/A,"$142,502,728",N/A,N/A,7.6/10,86%,84/100,True
30,Brokeback Mountain,Brokeback Mountain,2005,R,13 Jan 2006,134 min,"Drama, Romance",Ang Lee,"Annie Proulx, Larry McMurtry, Diana Ossana","Jake Gyllenhaal, Heath Ledger, Michelle Williams","Two shepherds fall for each other, but their relationship becomes complicated when they both get married to their respective girlfriends.","English, Spanish","Canada, United States",Won 3 Oscars. 141 wins & 133 nominations total,https://m.media-amazon.com/images/M/MV5BMzM4OWFjMTMtZjNjOS00YmU3LTlhY2MtNjFiMTVkN2Y1OTZlXkEyXkFqcGc@._V1_SX300.jpg,87,7.7,"405,033",tt0388795,movie,N/A,"$84,111,816",N/A,N/A,7.7/10,88%,87/100,
31,Before Sunset,Before Sunset,2004,R,30 Jul 2004,80 min,"Drama, Romance",Richard Linklater,"Richard Linklater, Julie Delpy, Ethan Hawke","Ethan Hawke, Julie Delpy, Vernon Dobtcheff","Nine years after Jesse and Celine first met, they encounter each other again on the French leg of Jesse's book tour.","English, French","France, United States",Nominated for 1 Oscar. 10 wins & 32 nominations total,https://m.media-amazon.com/images/M/MV5BMTQ1MjAwNTM5Ml5BMl5BanBnXkFtZTYwNDM0MTc3._V1_SX300.jpg,91,8.1,"305,807",tt0381681,movie,N/A,"$5,820,649",N/A,N/A,8.1/10,94%,91/100,
32,Lost in Translation,Lost in Translation,2003,R,03 Oct 2003,102 min,"Comedy, Drama",Sofia Coppola,Sofia Coppola,"Bill Murray, Scarlett Johansson, Giovanni Ribisi",A fading movie star falls for a lonely young woman in Tokyo.,"English, Japanese, German, French","United States, Japan",Won 1 Oscar. 97 wins & 133 nominations total,https://m.media-amazon.com/images/M/MV5BMTUxMzk0NDg1MV5BMl5BanBnXkFtZTgwNDg0NjkxMDI@._V1_SX300.jpg,91,7.7,"514,555",tt0335266,movie,N/A,"$44,585,453",N/A,N/A,7.7/10,95%,91/100,
33,Gladiator,Gladiator,2000,R,05 May 2000,155 min,"Action, Adventure, Drama",Ridley Scott,"David Franzoni, John Logan, William Nicholson","Russell Crowe, Joaquin Phoenix, Connie Nielsen",A former Roman General sets out to exact vengeance against the corrupt emperor who murdered his family and sent him into slavery.,English,"United States, United Kingdom, Malta, Morocco",Won 5 Oscars. 60 wins & 104 nominations total,https://m.media-amazon.com/images/M/MV5BYWQ4YmNjYjEtOWE1Zi00Y2U4LWI4NTAtMTU0MjkxNWQ1ZmJiXkEyXkFqcGc@._V1_SX300.jpg,67,8.5,"1,795,475",tt0172495,movie,N/A,"$187,705,427",N/A,N/A,8.5/10,80%,67/100,
34,Spider-Man: Into the Spider-Verse,Spider-Man: Into the Spider-Verse,2018,PG,14 Dec 2018,117 min,"Animation, Action, Adventure","Bob Persichetti, Peter Ramsey, Rodney Rothman","Phil Lord, Rodney Rothman","Shameik Moore, Jake Johnson, Hailee Steinfeld",Teen Miles Morales becomes the Spider-Man of his universe and must join with five spider-powered individuals from other dimensions to stop a threat for all realities.,"English, Spanish","Canada, United States",Won 1 Oscar. 85 wins & 60 nominations total,https://m.media-amazon.com/images/M/MV5BMjMwNDkxMTgzOF5BMl5BanBnXkFtZTgwNTkwNTQ3NjM@._V1_SX300.jpg,87,8.4,"748,634",tt4633694,movie,N/A,"$190,241,310",N/A,N/A,8.4/10,97%,87/100,
35,Aftersun,Aftersun,2022,R,18 Nov 2022,102 min,Drama,Charlotte Wells,Charlotte Wells,"Paul Mescal, Frankie Corio, Celia Rowlson-Hall",Sophie reflects on the shared joy and private melancholy of a holiday she took with her father twenty years earlier. Memories real and imagined fill the gaps between as she tries to reconcile the father she knew with the man she d...,"English, Turkish, Spanish","United Kingdom, United States, Turkey, Philippines, Netherlands",Nominated for 1 Oscar. 96 wins & 186 nominations total,https://m.media-amazon.com/images/M/MV5BZWU5Y2MyZjQtNGVjYi00ZDRkLTk1MGYtYmNlMzI0MTFmNDU2XkEyXkFqcGc@._V1_SX300.jpg,95,7.6,"111,460",tt19770238,movie,N/A,"$1,658,790",N/A,N/A,7.6/10,96%,95/100,
36,Lady Bird,Lady Bird,2017,R,01 Dec 2017,94 min,"Comedy, Drama",Greta Gerwig,Greta Gerwig,"Saoirse Ronan, Laurie Metcalf, Tracy Letts","A fiercely independent teenager tries to make her own way in the world while wanting to get out of her hometown of Sacramento, California, and to get away from her complicated mother and recently-unemployed father.","English, Spanish",United States,Nominated for 5 Oscars. 124 wins & 228 nominations total,https://m.media-amazon.com/images/M/MV5BNjk5MzcyOWQtNzE1Mi00NzdmLTlkM2QtOTdjZThhMDc2Y2NjXkEyXkFqcGc@._V1_SX300.jpg,93,7.4,"355,546",tt4925292,movie,N/A,"$48,958,273",N/A,N/A,7.4/10,99%,93/100,
37,City of God,City of God,2002,R,13 Feb 2004,130 min,"Crime, Drama","Fernando Meirelles, Kátia Lund","Bráulio Mantovani, Paulo Lins","Alexandre Rodrigues, Leandro Firmino, Matheus Nachtergaele","In the slums of Rio, two kids' paths diverge as one struggles to become a photographer and the other a kingpin.",Portuguese,"Brazil, France",Nominated for 4 Oscars. 75 wins & 50 nominations total,https://m.media-amazon.com/images/M/MV5BYjY4NGI5OTUtY2ZlZS00Zjk4LTk5N2MtN2JmYWVjNGNmMGRlXkEyXkFqcGc@._V1_SX300.jpg,79,8.6,"849,928",tt0317248,movie,N/A,"$7,564,459",N/A,N/A,8.6/10,91%,79/100,
38,Call Me by Your Name,Call Me by Your Name,2017,R,19 Jan 2018,132 min,"Drama, Romance",Luca Guadagnino,"James Ivory, André Aciman","Timothée Chalamet, Armie Hammer, Michael Stuhlbarg","In the summer of 1983, 17-year-old Elio is spending the days with his family at their villa in Lombardy, Italy. He soon meets 24-year-old Oliver, an intern working for Elio's father. They discover the heady beauty of awakening des...","English, Italian, French, German, Hebrew","Brazil, France, Italy, United States",Won 1 Oscar. 107 wins & 263 nominations total,https://m.media-amazon.com/images/M/MV5BNDk3NTEwNjc0MV5BMl5BanBnXkFtZTgwNzYxNTMwMzI@._V1_SX300.jpg,94,7.8,"345,463",tt5726616,movie,N/A,"$18,095,701",N/A,N/A,7.8/10,95%,94/100,
39,Pan’s Labyrinth,Pan's Labyrinth,2006,R,19 Jan 2007,118 min,"Drama, Fantasy, War",Guillermo del Toro,Guillermo del Toro,"Ivana Baquero, Ariadna Gil, Sergi López","In 1944 Spain, a girl is sent to live with her ruthless stepfather. During the night, she meets a fairy who takes her to an old faun. He tells her she's a princess, but must prove her royalty by surviving three gruesome tasks.",Spanish,"Mexico, Spain",Won 3 Oscars. 109 wins & 115 nominations total,https://m.media-amazon.com/images/M/MV5BOTc1NTAxMWItMWFlNy00MmU2LTkwMTMtNzMwOTg5OTQ5YTFiXkEyXkFqcGc@._V1_SX300.jpg,98,8.2,"731,539",tt0457430,movie,N/A,"$37,646,380",N/A,N/A,8.2/10,95%,98/100,
40,Oldboy,Oldboy,2003,R,21 Nov 2003,120 min,"Action, Drama, Mystery",Park Chan-wook,"Garon Tsuchiya, Nobuaki Minegishi, Park Chan-wook","Choi Min-sik, Yoo Ji-tae, Kang Hye-jeong","After being kidnapped and imprisoned for fifteen years, Oh Dae-Su is released, only to find that he must track down his captor in five days.",Korean,South Korea,44 wins & 28 nominations total,https://m.media-amazon.com/images/M/MV5BMTI3NTQyMzU5M15BMl5BanBnXkFtZTcwMTM2MjgyMQ@@._V1_SX300.jpg,78,8.3,"692,231",tt0364569,movie,N/A,"$2,458,200",N/A,N/A,8.3/10,82%,78/100,
41,Zodiac,Zodiac,2007,R,02 Mar 2007,157 min,"Crime, Drama, Mystery",David Fincher,"James Vanderbilt, Robert Graysmith","Jake Gyllenhaal, Robert Downey Jr., Mark Ruffalo","Between 1968 and 1983, a San Francisco cartoonist becomes an amateur detective obsessed with tracking down the Zodiac Killer, an unidentified individual who terrorizes Northern California with a killing spree.",English,United States,3 wins & 71 nominations total,https://m.media-amazon.com/images/M/MV5BNDFkMTRkZmQtM2I0NC00NjJjLWJlMDctNTNiZWYxYzhjZDZiXkEyXkFqcGc@._V1_SX300.jpg,79,7.7,"643,487",tt0443706,movie,N/A,"$33,080,084",N/A,N/A,7.7/10,90%,79/100,
42,Little Miss Sunshine,Little Miss Sunshine,2006,R,18 Aug 2006,101 min,"Comedy, Drama","Jonathan Dayton, Valerie Faris",Michael Arndt,"Steve Carell, Toni Collette, Greg Kinnear",A family determined to get their young daughter into the finals of a beauty pageant take a cross-country trip in their VW bus.,English,United States,Won 2 Oscars. 73 wins & 112 nominations total,https://m.media-amazon.com/images/M/MV5BMTgzNTgzODU0NV5BMl5BanBnXkFtZTcwMjEyMjMzMQ@@._V1_SX300.jpg,80,7.8,"543,844",tt0449059,movie,N/A,"$59,891,098",N/A,N/A,7.8/10,91%,80/100,
43,The LotR: The Two Towers,The Lord of the Rings: The Two Towers,2002,PG-13,18 Dec 2002,179 min,"Adventure, Drama, Fantasy",Peter Jackson,"J.R.R. Tolkien, Fran Walsh, Philippa Boyens","Elijah Wood, Ian McKellen, Viggo Mortensen","While Frodo and Sam edge closer to Mordor with the help of the shifty Gollum, the divided fellowship makes a stand against Sauron's new ally, Saruman, and his hordes of Isengard.","English, Sindarin, Old English","New Zealand, United States",Won 2 Oscars. 132 wins & 138 nominations total,https://m.media-amazon.com/images/M/MV5BMGQxMDdiOWUtYjc1Ni00YzM1LWE2NjMtZTg3Y2JkMjEzMTJjXkEyXkFqcGc@._V1_SX300.jpg,87,8.8,"1,902,785",tt0167261,movie,N/A,"$345,518,923",N/A,N/A,8.8/10,95%,87/100,True
44,WALL·E,WALL·E,2008,G,27 Jun 2008,98 min,"Animation, Adventure, Family",Andrew Stanton,"Andrew Stanton, Pete Docter, Jim Reardon","Ben Burtt, Elissa Knight, Jeff Garlin","A robot who is responsible for cleaning a waste-covered Earth meets another robot and falls in love with her. Together, they set out on a journey that will alter the fate of mankind.",English,"United States, Japan",Won 1 Oscar. 96 wins & 95 nominations total,https://m.media-amazon.com/images/M/MV5BMjExMTg5OTU0NF5BMl5BanBnXkFtZTcwMjMxMzMzMw@@._V1_SX300.jpg,95,8.4,"1,279,502",tt0910970,movie,N/A,"$223,808,164",N/A,N/A,8.4/10,95%,95/100,
45,Phantom Thread,Phantom Thread,2017,R,19 Jan 2018,130 min,"Drama, Romance",Paul Thomas Anderson,Paul Thomas Anderson,"Vicky Krieps, Daniel Day-Lewis, Lesley Manville","Set in 1950s London, Reynolds Woodcock is a renowned dressmaker whose fastidious life is disrupted by a young, strong-willed woman, Alma, who becomes his muse and lover.","English, French","United States, China",Won 1 Oscar. 55 wins & 121 nominations total,https://m.media-amazon.com/images/M/MV5BOTMzNWNhNDctMTM2MC00N2EwLThjYTEtMmQ2ZDAyNDVlNzgyXkEyXkFqcGc@._V1_SX300.jpg,90,7.4,"153,730",tt5776858,movie,N/A,"$21,198,205",N/A,N/A,7.4/10,91%,90/100,
46,Amélie,Amélie,2001,R,08 Feb 2002,122 min,"Comedy, Romance",Jean-Pierre Jeunet,"Guillaume Laurant, Jean-Pierre Jeunet","Audrey Tautou, Mathieu Kassovitz, Rufus","Despite being caught in her imaginative world, young waitress Amelie decides to help people find happiness. Her quest to spread joy leads her on a journey during which she finds true love.","French, Russian, English","France, Germany",Nominated for 5 Oscars. 59 wins & 74 nominations total,https://m.media-amazon.com/images/M/MV5BOTNmYzY0MWQtZGZmNy00Y2Y4LWFmMDQtMTZjYTdiYzEwZGQ2XkEyXkFqcGc@._V1_SX300.jpg,70,8.3,"826,337",tt0211915,movie,N/A,"$33,712,444",N/A,N/A,8.3/10,90%,70/100,
47,Past Lives,Past Lives,2023,PG-13,23 Jun 2023,105 min,"Drama, Romance",Celine Song,Celine Song,"Greta Lee, Teo Yoo, John Magaro","Nora and Hae Sung, two deeply connected childhood friends, are wrested apart after Nora's family emigrates from South Korea. Twenty years later, they are reunited for one fateful week as they confront notions of love and destiny.","Korean, English, Mandarin, French","United States, South Korea",Nominated for 2 Oscars. 83 wins & 239 nominations total,https://m.media-amazon.com/images/M/MV5BYjQyMTNhNjUtN2VmYy00NWRhLTkwOTctMGVmNTBmNDIxYjZhXkEyXkFqcGc@._V1_SX300.jpg,94,7.8,"159,850",tt13238346,movie,N/A,"$11,331,983",N/A,N/A,7.8/10,95%,94/100,
48,Kill Bill: Vol. 1,Kill Bill: Vol. 1,2003,R,10 Oct 2003,111 min,"Action, Crime, Thriller",Quentin Tarantino,"Quentin Tarantino, Uma Thurman","Uma Thurman, David Carradine, Daryl Hannah","After waking from a four-year coma, a former assassin wreaks vengeance on the team of assassins who betrayed her.","English, Japanese, French",United States,Nominated for 5 BAFTA 30 wins & 103 nominations total,https://m.media-amazon.com/images/M/MV5BZmMyYzJlZmYtY2I3NC00NjAyLTkyZWItZjdjZDI1YTYyYTEwXkEyXkFqcGc@._V1_SX300.jpg,69,8.2,"1,268,217",tt0266697,movie,N/A,"$70,099,045",N/A,N/A,8.2/10,85%,69/100,
49,Memories of Murder,Memories of Murder,2003,Not Rated,02 May 2003,132 min,"Crime, Drama, Mystery",Bong Joon Ho,"Bong Joon Ho, Kwang-rim Kim, Sung-bo Shim","Song Kang-ho, Kim Sang-kyung, Kim Roe-ha","In a small Korean province in 1986, two detectives struggle with the case of multiple young women being found raped and murdered by an unknown culprit.","Korean, English",South Korea,33 wins & 10 nominations total,https://m.media-amazon.com/images/M/MV5BYmRjOWE5NmMtYTdkYS00ODFlLWJiMTMtYzE2NDZlZjlkZDQ0XkEyXkFqcGc@._V1_SX300.jpg,82,8.1,"247,205",tt0353969,movie,N/A,"$15,357",N/A,N/A,8.1/10,,82/100,
50,Pride & Prejudice,Pride & Prejudice,2005,PG,23 Nov 2005,129 min,"Drama, Romance",Joe Wright,"Deborah Moggach, Jane Austen, Emma Thompson","Keira Knightley, Matthew Macfadyen, Brenda Blethyn","When Elizabeth Bennet meets the handsome Mr. Darcy, she believes he is the last man she could ever marry, but as their lives become intertwined, she finds herself captivated by the man she has sworn to hate forever.",English,"United Kingdom, France, United States",Nominated for 4 Oscars. 13 wins & 59 nominations total,https://m.media-amazon.com/images/M/MV5BMTA1NDQ3NTcyOTNeQTJeQWpwZ15BbWU3MDA0MzA4MzE@._V1_SX300.jpg,82,7.8,"361,619",tt0414387,movie,N/A,"$44,785,261",N/A,N/A,7.8/10,87%,82/100,
51,Almost Famous,Almost Famous,2000,R,22 Sep 2000,122 min,"Adventure, Comedy, Drama",Cameron Crowe,Cameron Crowe,"Billy Crudup, Patrick Fugit, Kate Hudson",A high-school boy in the early 1970s is given the chance to write a story for Rolling Stone magazine about an up-and-coming rock band as he accompanies them on their concert tour.,"English, French",United States,Won 1 Oscar. 54 wins & 103 nominations total,https://m.media-amazon.com/images/M/MV5BZGFmNDQzOTItOGZkNS00NjFkLWE4MjQtNmRjMjNlMjg3YzdiXkEyXkFqcGc@._V1_SX300.jpg,90,7.9,"307,588",tt0181875,movie,N/A,"$32,534,850",N/A,N/A,7.9/10,91%,90/100,
52,Sinners,Sinners,2025,R,18 Apr 2025,137 min,"Action, Drama, Horror",Ryan Coogler,Ryan Coogler,"Michael B. Jordan, Miles Caton, Saul Williams","Trying to leave their troubled lives behind, twin brothers return to their hometown to start again, only to discover that an even greater evil is waiting to welcome them back.","English, Chinese","United States, Australia, Canada",12 wins & 14 nominations total,https://m.media-amazon.com/images/M/MV5BNjIwZWY4ZDEtMmIxZS00NDA4LTg4ZGMtMzUwZTYyNzgxMzk5XkEyXkFqcGc@._V1_SX300.jpg,84,7.6,"264,622",tt31193180,movie,N/A,"$278,578,513",N/A,N/A,7.6/10,97%,84/100,
53,Superbad,Superbad,2007,R,17 Aug 2007,113 min,Comedy,Greg Mottola,"Seth Rogen, Evan Goldberg","Michael Cera, Jonah Hill, Christopher Mintz-Plasse",Two co-dependent high school seniors are forced to deal with separation anxiety after their plan to stage a booze-soaked party goes awry.,English,United States,11 wins & 24 nominations total,https://m.media-amazon.com/images/M/MV5BNjk0MzdlZGEtNTRkOC00ZDRiLWJkYjAtMzUzYTRiNzk1YTViXkEyXkFqcGc@._V1_SX300.jpg,76,7.6,"672,775",tt0829482,movie,N/A,"$121,463,226",N/A,N/A,7.6/10,88%,76/100,
54,The Wolf of Wall Street,The Wolf of Wall Street,2013,R,25 Dec 2013,180 min,"Biography, Comedy, Crime",Martin Scorsese,"Terence Winter, Jordan Belfort","Leonardo DiCaprio, Jonah Hill, Margot Robbie","Based on the true story of Jordan Belfort, from his rise to a wealthy stock-broker living the high life to his fall involving crime, corruption and the federal government.","English, French",United States,Nominated for 5 Oscars. 38 wins & 180 nominations total,https://m.media-amazon.com/images/M/MV5BMjIxMjgxNTk0MF5BMl5BanBnXkFtZTgwNjIyOTg2MDE@._V1_SX300.jpg,75,8.2,"1,722,525",tt0993846,movie,N/A,"$116,900,694",N/A,N/A,8.2/10,79%,75/100,
55,Y tu mamá también,Y tu mamá también,2001,R,08 Jun 2001,106 min,Drama,Alfonso Cuarón,"Carlos Cuarón, Alfonso Cuarón","Maribel Verdú, Gael García Bernal, Daniel Giménez Cacho","In Mexico, two teenage boys and an older woman embark on a road trip and learn a thing or two about life and each other.",Spanish,Mexico,Nominated for 1 Oscar. 39 wins & 48 nominations total,https://m.media-amazon.com/images/M/MV5BNTRmZmNlMjktZDRkMi00OGNjLWJkZGUtMDljNDViMGE3MjNhXkEyXkFqcGc@._V1_SX300.jpg,89,7.7,"136,419",tt0245574,movie,N/A,"$13,839,658",N/A,N/A,7.7/10,90%,89/100,
56,The Zone of Interest,The Zone of Interest,2023,PG-13,20 Feb 2024,105 min,"Drama, History, War",Jonathan Glazer,"Jonathan Glazer, Martin Amis","Christian Friedel, Sandra Hüller, Johann Karthaus",Auschwitz commandant Rudolf Höss and his wife Hedwig strive to build a dream life for their family in a house and garden beside the camp.,"German, Yiddish, Polish","United Kingdom, Poland, United States",Won 2 Oscars. 71 wins & 185 nominations total,https://m.media-amazon.com/images/M/MV5BNjk4MTQ3MGEtZmI4OS00N2NhLWI5ZjgtYWE5ZWVkZGExYTQ1XkEyXkFqcGc@._V1_SX300.jpg,92,7.3,"138,090",tt7160372,movie,N/A,"$8,659,464",N/A,N/A,7.3/10,93%,92/100,
57,Ocean’s Eleven,Ocean's Eleven,2001,PG-13,07 Dec 2001,116 min,"Crime, Thriller",Steven Soderbergh,"George Clayton Johnson, Jack Golden Russell, Harry Brown","George Clooney, Brad Pitt, Julia Roberts","Danny Ocean, a gangster, rounds up a gang of associates to stage a sophisticated and elaborate casino heist which involves robbing three Las Vegas casinos simultaneously during a popular boxing event.","English, Italian, Mandarin",United States,4 wins & 20 nominations total,https://m.media-amazon.com/images/M/MV5BMmNhZDkxYTgtMDM3ZC00NTQ3LWFjZTUtNzc1Y2QyNWZjNDRmXkEyXkFqcGc@._V1_SX300.jpg,74,7.7,"655,972",tt0240772,movie,N/A,"$183,417,150",N/A,N/A,7.7/10,83%,74/100,
58,Ratatouille,Ratatouille,2007,G,29 Jun 2007,111 min,"Animation, Adventure, Comedy","Brad Bird, Jan Pinkava","Brad Bird, Jan Pinkava, Jim Capobianco","Brad Garrett, Lou Romano, Patton Oswalt",A rat who can cook makes an unusual alliance with a young kitchen worker at a famous Paris restaurant.,"English, French",United States,Won 1 Oscar. 68 wins & 42 nominations total,https://m.media-amazon.com/images/M/MV5BMTMzODU0NTkxMF5BMl5BanBnXkFtZTcwMjQ4MzMzMw@@._V1_SX300.jpg,96,8.1,"906,486",tt0382932,movie,N/A,"$206,445,654",N/A,N/A,8.1/10,96%,96/100,
59,Django Unchained,Django Unchained,2012,R,25 Dec 2012,165 min,"Drama, Western",Quentin Tarantino,Quentin Tarantino,"Jamie Foxx, Christoph Waltz, Leonardo DiCaprio","With the help of a German bounty-hunter, a freed slave sets out to rescue his wife from a brutal plantation owner in Mississippi.","English, German, French, Italian",United States,Won 2 Oscars. 58 wins & 158 nominations total,https://m.media-amazon.com/images/M/MV5BMjIyNTQ5NjQ1OV5BMl5BanBnXkFtZTcwODg1MDU4OA@@._V1_SX300.jpg,81,8.5,"1,825,738",tt1853728,movie,N/A,"$162,805,434",N/A,N/A,8.5/10,87%,81/100,
60,Little Women,Little Women,2019,PG,25 Dec 2019,135 min,"Drama, Romance",Greta Gerwig,"Greta Gerwig, Louisa May Alcott","Saoirse Ronan, Emma Watson, Florence Pugh","In 19th century Massachusetts, the March sisters--Meg, Jo, Beth, and Amy--on the threshold of womanhood, go through many ups and downs in life and endeavor to make important decisions about their futures.","English, French",United States,Won 1 Oscar. 73 wins & 230 nominations total,https://m.media-amazon.com/images/M/MV5BMWMzYjNiZWMtMDg4NS00MDgyLTk5MWItOTFmNjg4NzRhZmExXkEyXkFqcGc@._V1_SX300.jpg,91,7.8,"270,557",tt3281548,movie,N/A,"$108,101,214",N/A,N/A,7.8/10,95%,91/100,
61,Memento,Memento,2000,R,25 May 2001,113 min,"Drama, Mystery, Thriller",Christopher Nolan,"Christopher Nolan, Jonathan Nolan","Guy Pearce, Carrie-Anne Moss, Joe Pantoliano",A former insurance investigator who now suffers from anterograde amnesia uses notes and tattoos to hunt down his wife's murderer.,English,United States,Nominated for 2 Oscars. 57 wins & 59 nominations total,https://m.media-amazon.com/images/M/MV5BYmQ3MjliNjAtNWFiZS00YWI1LTlmZTktMzBiNDE1NjRhZjU0XkEyXkFqcGc@._V1_SX300.jpg,83,8.4,"1,397,080",tt0209144,movie,N/A,"$25,544,867",N/A,N/A,8.4/10,94%,83/100,
62,Hereditary,Hereditary,2018,R,08 Jun 2018,127 min,"Drama, Horror, Mystery",Ari Aster,Ari Aster,"Toni Collette, Milly Shapiro, Gabriel Byrne",A grieving family is haunted by tragic and disturbing occurrences.,"English, Spanish",United States,52 wins & 112 nominations total,https://m.media-amazon.com/images/M/MV5BNTEyZGQwODctYWJjZi00NjFmLTg3YmEtMzlhNjljOGZhMWMyXkEyXkFqcGc@._V1_SX300.jpg,87,7.3,"432,838",tt7784604,movie,N/A,"$44,069,456",N/A,N/A,7.3/10,90%,87/100,
63,Blade Runner 2049,Blade Runner 2049,2017,R,06 Oct 2017,164 min,"Action, Drama, Mystery",Denis Villeneuve,"Hampton Fancher, Michael Green, Philip K. Dick","Harrison Ford, Ryan Gosling, Ana de Armas","Young Blade Runner K's discovery of a long-buried secret leads him to track down former Blade Runner Rick Deckard, who's been missing for thirty years.",English,"United States, Canada, Spain",Won 2 Oscars. 100 wins & 164 nominations total,https://m.media-amazon.com/images/M/MV5BNzA1Njg4NzYxOV5BMl5BanBnXkFtZTgwODk5NjU3MzI@._V1_SX300.jpg,81,8.0,"726,193",tt1856101,movie,N/A,"$92,071,675",N/A,N/A,8.0/10,88%,81/100,
64,Her,Her,2013,R,10 Jan 2014,126 min,"Drama, Romance, Sci-Fi",Spike Jonze,Spike Jonze,"Joaquin Phoenix, Amy Adams, Scarlett Johansson","In the near future, a lonely writer develops an unlikely relationship with an operating system designed to meet his every need.",English,United States,Won 1 Oscar. 83 wins & 187 nominations total,https://m.media-amazon.com/images/M/MV5BMjA1Nzk0OTM2OF5BMl5BanBnXkFtZTgwNjU2NjEwMDE@._V1_SX300.jpg,91,8.0,"709,611",tt1798709,movie,N/A,"$25,568,251",N/A,N/A,8.0/10,95%,91/100,
65,Fantastic Mr. Fox,Fantastic Mr. Fox,2009,PG,25 Nov 2009,87 min,"Animation, Adventure, Comedy",Wes Anderson,"Roald Dahl, Wes Anderson, Noah Baumbach","George Clooney, Meryl Streep, Bill Murray",An urbane fox cannot resist returning to his farm raiding ways and then must help his community survive the farmers' retaliation.,"English, French","United States, United Kingdom",Nominated for 2 Oscars. 32 wins & 63 nominations total,https://m.media-amazon.com/images/M/MV5BYTA1ZTIxZDUtNGFjYS00YTc5LTgzNDMtZWNjYjBlMzI2OTk3XkEyXkFqcGc@._V1_SX300.jpg,83,7.9,"293,541",tt0432283,movie,N/A,"$21,002,919",N/A,N/A,7.9/10,93%,83/100,
66,"O Brother, Where Art Thou?","O Brother, Where Art Thou?",2000,PG-13,02 Feb 2001,107 min,"Adventure, Comedy, Crime","Joel Coen, Ethan Coen","Homer, Ethan Coen, Joel Coen","George Clooney, John Turturro, Tim Blake Nelson","In the deep south during the 1930s, three escaped convicts search for hidden treasure while a relentless lawman pursues them.",English,"United Kingdom, France, United States",Nominated for 2 Oscars. 8 wins & 38 nominations total,https://m.media-amazon.com/images/M/MV5BMDhmMzZkYzctOTQ4MS00NWEzLWI1YzMtNTllZDhkYjgwOWQ0XkEyXkFqcGc@._V1_SX300.jpg,69,7.7,"345,453",tt0190590,movie,N/A,"$45,512,588",N/A,N/A,7.7/10,78%,69/100,
67,The Handmaiden,The Handmaiden,2016,Not Rated,02 Sep 2017,145 min,"Drama, Romance, Thriller",Park Chan-wook,"Sarah Waters, Chung Seo-kyung, Park Chan-wook","Kim Min-hee, Ha Jung-woo, Cho Jin-woong","In 1930s Korea, a girl is hired as a handmaiden to a Japanese heiress who lives a secluded life on a countryside estate. But the maid has a secret: She is a pickpocket recruited by a swindler to help seduce the Lady and steal her ...","Korean, Japanese",South Korea,Won 1 BAFTA Award69 wins & 104 nominations total,https://m.media-amazon.com/images/M/MV5BOTllZDI1OGItOGUxNS00OGZhLWIzMjAtYzllZTY1YTA0ZmYwXkEyXkFqcGc@._V1_SX300.jpg,85,8.1,"193,927",tt4016934,movie,N/A,"$2,006,788",N/A,N/A,8.1/10,96%,85/100,
68,Tár,Tár,2022,R,28 Oct 2022,158 min,"Drama, Music",Todd Field,Todd Field,"Cate Blanchett, Noémie Merlant, Nina Hoss","Set in the international world of Western classical music, the film centers on Lydia Tár, widely considered one of the greatest living composer-conductors and the very first female director of a major German orchestra.","English, German, Filipino, French",United States,Nominated for 6 Oscars. 82 wins & 277 nominations total,https://m.media-amazon.com/images/M/MV5BYWY5YThhOGUtNDU4OS00NTk3LWI0ODQtNmRiYTk0ZjVkZWU2XkEyXkFqcGc@._V1_SX300.jpg,93,7.4,"103,712",tt14444726,movie,N/A,"$6,773,650",N/A,N/A,7.4/10,,93/100,
69,Yi Yi,Yi Yi,2000,Not Rated,16 Dec 2000,173 min,"Drama, Romance",Edward Yang,Edward Yang,"Nien-Jen Wu, Elaine Jin, Issei Ogata",Each member of a middle-class Taipei family seeks to reconcile past and present relationships within their daily lives.,"Mandarin, Min Nan, Hokkien, English, Japanese, French","Taiwan, Japan",14 wins & 23 nominations total,https://m.media-amazon.com/images/M/MV5BNTAyMDQ5Y2MtZDk0NC00N2IyLWE5OTgtZjJkZWNlMDBhMDhlXkEyXkFqcGc@._V1_SX300.jpg,94,8.1,"30,987",tt0244316,movie,12 Jun 2007,"$1,136,776",N/A,N/A,8.1/10,,94/100,
70,The Florida Project,The Florida Project,2017,R,10 Nov 2017,111 min,Drama,Sean Baker,"Sean Baker, Chris Bergoch","Brooklynn Prince, Bria Vinaite, Willem Dafoe",A single mother and the manager of a roadside motel do their utmost to maintain the innocence of a six-year-old girl's life.,"English, Spanish, Portuguese",United States,Nominated for 1 Oscar. 68 wins & 134 nominations total,https://m.media-amazon.com/images/M/MV5BNDBhM2MxYjAtMWFiYy00MWMwLThkMDYtN2M1ZWY3NjkxNGExXkEyXkFqcGc@._V1_SX300.jpg,92,7.6,"141,797",tt5649144,movie,N/A,"$5,904,366",N/A,N/A,7.6/10,96%,92/100,
71,The Tree of Life,The Tree of Life,2011,PG-13,17 May 2011,139 min,"Drama, Fantasy",Terrence Malick,Terrence Malick,"Brad Pitt, Sean Penn, Jessica Chastain","The story of a family in Waco, Texas in 1956. The eldest son witnesses the loss of innocence and struggles with his parents' conflicting teachings.",English,United States,Nominated for 3 Oscars. 118 wins & 130 nominations total,https://m.media-amazon.com/images/M/MV5BMTMwNjQ0NjMzN15BMl5BanBnXkFtZTcwNjMxMTkyNA@@._V1_SX300.jpg,85,6.8,"188,492",tt0478304,movie,N/A,"$13,303,319",N/A,N/A,6.8/10,86%,85/100,
72,Uncut Gems,Uncut Gems,2019,R,25 Dec 2019,135 min,"Crime, Drama, Thriller","Benny Safdie, Josh Safdie","Ronald Bronstein, Josh Safdie, Benny Safdie","Adam Sandler, Julia Fox, Idina Menzel","With his debts mounting and angry collectors closing in, a fast-talking New York City jeweler risks everything in hope of staying afloat and alive.","English, Hebrew",United States,27 wins & 91 nominations total,https://m.media-amazon.com/images/M/MV5BNmI0YjA5NjItYzExYi00NzkxLTkxNDctNGJjYTZhM2M0NDQ0XkEyXkFqcGc@._V1_SX300.jpg,93,7.4,"339,600",tt5727208,movie,N/A,"$50,023,780",N/A,N/A,7.4/10,91%,93/100,
73,Spotlight,Spotlight,2015,R,20 Nov 2015,129 min,"Biography, Crime, Drama",Tom McCarthy,"Josh Singer, Tom McCarthy","Mark Ruffalo, Michael Keaton, Rachel McAdams","The true story of how the Boston Globe uncovered the massive scandal of child molestation and cover-up within the local Catholic Archdiocese, shaking the entire Catholic Church to its core.",English,United States,Won 2 Oscars. 124 wins & 145 nominations total,https://m.media-amazon.com/images/M/MV5BMjIyOTM5OTIzNV5BMl5BanBnXkFtZTgwMDkzODE2NjE@._V1_SX300.jpg,93,8.1,"524,343",tt1895587,movie,N/A,"$45,055,776",N/A,N/A,8.1/10,97%,93/100,
74,Black Swan,Black Swan,2010,R,17 Dec 2010,108 min,"Drama, Thriller",Darren Aronofsky,"Mark Heyman, Andres Heinz, John J. McLaughlin","Natalie Portman, Mila Kunis, Vincent Cassel","Nina is a talented but unstable ballerina on the verge of stardom. Pushed to the breaking point by her artistic director and a seductive rival, Nina's grip on reality slips, plunging her into a waking nightmare.","English, French, Italian",United States,Won 1 Oscar. 98 wins & 279 nominations total,https://m.media-amazon.com/images/M/MV5BNzY2NzI4OTE5MF5BMl5BanBnXkFtZTcwMjMyNDY4Mw@@._V1_SX300.jpg,79,8.0,"868,691",tt0947798,movie,N/A,"$107,770,258",N/A,N/A,8.0/10,85%,79/100,
75,Boyhood,Boyhood,2014,R,15 Aug 2014,165 min,Drama,Richard Linklater,Richard Linklater,"Ellar Coltrane, Patricia Arquette, Ethan Hawke","The life of Mason, from early childhood to his arrival at college.","English, Spanish, Ukrainian, Arabic",United States,Won 1 Oscar. 178 wins & 220 nominations total,https://m.media-amazon.com/images/M/MV5BMTYzNDc2MDc0N15BMl5BanBnXkFtZTgwOTcwMDQ5MTE@._V1_SX300.jpg,100,7.9,"376,594",tt1065073,movie,N/A,"$25,352,281",N/A,N/A,7.9/10,97%,100/100,
76,The Worst Person in the World,The Worst Person in the World,2021,R,13 Oct 2021,128 min,"Comedy, Drama, Romance",Joachim Trier,"Eskil Vogt, Joachim Trier","Renate Reinsve, Anders Danielsen Lie, Herbert Nordrum","The chronicles of four years in the life of Julie, a young woman who navigates the troubled waters of her love life and struggles to find her career path, leading her to take a realistic look at who she really is.",Norwegian,"Norway, France, Sweden, Denmark",Nominated for 2 Oscars. 42 wins & 110 nominations total,https://m.media-amazon.com/images/M/MV5BZGEyYzBiYmItZDM4OC00NTdmLWJlYzctODdiM2E2MjZmYTU2XkEyXkFqcGc@._V1_SX300.jpg,91,7.7,"113,923",tt10370710,movie,N/A,"$3,034,775",N/A,N/A,7.7/10,96%,91/100,
77,The Prestige,The Prestige,2006,PG-13,20 Oct 2006,130 min,"Drama, Mystery, Sci-Fi",Christopher Nolan,"Jonathan Nolan, Christopher Nolan, Christopher Priest","Christian Bale, Hugh Jackman, Scarlett Johansson",Rival 19th-century magicians engage in a bitter battle for trade secrets.,English,"United Kingdom, United States",Nominated for 2 Oscars. 6 wins & 44 nominations total,https://m.media-amazon.com/images/M/MV5BMTM3MzQ5MjQ5OF5BMl5BanBnXkFtZTcwMTQ3NzMzMw@@._V1_SX300.jpg,66,8.5,"1,538,383",tt0482571,movie,N/A,"$53,089,891",N/A,N/A,8.5/10,77%,66/100,
78,Michael Clayton,Michael Clayton,2007,R,12 Oct 2007,119 min,"Crime, Drama, Mystery",Tony Gilroy,Tony Gilroy,"George Clooney, Tilda Swinton, Tom Wilkinson","A law firm brings in its ""fixer"" to remedy the situation after a lawyer has a breakdown while representing a chemical company that he knows is guilty in a multibillion-dollar class action suit.",English,United States,Won 1 Oscar. 28 wins & 114 nominations total,https://m.media-amazon.com/images/M/MV5BMTc0NTU5MjI2MV5BMl5BanBnXkFtZTcwMTg5NTQzMw@@._V1_SX300.jpg,82,7.2,"180,233",tt0465538,movie,N/A,"$49,033,882",N/A,N/A,7.2/10,90%,82/100,
79,Gone Girl,Gone Girl,2014,R,03 Oct 2014,149 min,"Drama, Mystery, Thriller",David Fincher,Gillian Flynn,"Ben Affleck, Rosamund Pike, Neil Patrick Harris",The husband of a missing woman becomes the chief suspect in her disappearance.,English,United States,Nominated for 1 Oscar. 64 wins & 189 nominations total,https://m.media-amazon.com/images/M/MV5BMTk0MDQ3MzAzOV5BMl5BanBnXkFtZTgwNzU1NzE3MjE@._V1_SX300.jpg,79,8.1,"1,136,209",tt2267998,movie,N/A,"$167,767,189",N/A,N/A,8.1/10,88%,79/100,
80,Anatomy of a Fall,Anatomy of a Fall,2023,R,22 Mar 2024,151 min,"Crime, Drama, Thriller",Justine Triet,"Justine Triet, Arthur Harari","Sandra Hüller, Swann Arlaud, Milo Machado-Graner",A woman is suspected of murder after her husband's death; their half-blind son faces a moral dilemma as the main witness.,"French, English",France,Won 1 Oscar. 130 wins & 190 nominations total,https://m.media-amazon.com/images/M/MV5BYTk3MjFkZmQtMThiYi00N2JhLTk2YzItZTE5ZGUxZTIyZDVkXkEyXkFqcGc@._V1_SX300.jpg,86,7.6,"181,031",tt17009710,movie,N/A,"$5,076,369",N/A,N/A,7.6/10,96%,86/100,
81,"Crouching Tiger, Hidden Dragon","Crouching Tiger, Hidden Dragon",2000,PG-13,12 Jan 2001,120 min,"Action, Adventure, Drama",Ang Lee,"Hui-Ling Wang, James Schamus, Kuo Jung Tsai","Chow Yun-Fat, Michelle Yeoh, Ziyi Zhang",A young Chinese warrior steals a sword from a famed swordsman and then escapes into a world of romantic adventure with a mysterious man in the frontier of the nation.,"Mandarin, Chinese","China, Taiwan, Hong Kong, United States",Won 4 Oscars. 101 wins & 132 nominations total,https://m.media-amazon.com/images/M/MV5BMzRmMTU2OWEtZjI0Ni00MGRhLThjOTItZTJiNmM4MDk0ZWU2XkEyXkFqcGc@._V1_SX300.jpg,94,7.9,"290,075",tt0190332,movie,N/A,"$128,530,421",N/A,N/A,7.9/10,98%,94/100,
82,Mean Girls,Mean Girls,2004,PG-13,30 Apr 2004,97 min,Comedy,Mark Waters,"Rosalind Wiseman, Tina Fey","Lindsay Lohan, Jonathan Bennett, Rachel McAdams","Cady Heron is a hit with The Plastics, the A-list girl clique at her new school, until she makes the mistake of falling for Aaron Samuels, the ex-boyfriend of alpha Plastic Regina George.","English, German, Vietnamese, Swahili","United States, Canada",7 wins & 25 nominations total,https://m.media-amazon.com/images/M/MV5BMjE1MDQ4MjI1OV5BMl5BanBnXkFtZTcwNzcwODAzMw@@._V1_SX300.jpg,66,7.1,"470,889",tt0377092,movie,N/A,"$86,058,055",N/A,N/A,7.1/10,84%,66/100,
83,Perfect Days,Perfect Days,2023,PG,21 Dec 2023,124 min,Drama,Wim Wenders,"Wim Wenders, Takuma Takasaki","Kôji Yakusho, Tokio Emoto, Arisa Nakano","Hirayama cleans public toilets in Tokyo, lives his life in simplicity and daily tranquility. Some encounters also lead him to reflect on himself.","Japanese, English","Japan, Germany",Nominated for 1 Oscar. 14 wins & 47 nominations total,https://m.media-amazon.com/images/M/MV5BNGVmODFkM2MtOTEzMy00MjFjLThjZmYtODMxZmI1MzcyNDkyXkEyXkFqcGc@._V1_SX300.jpg,80,7.9,"88,839",tt27503384,movie,N/A,"$3,766,668",N/A,N/A,7.9/10,96%,80/100,
84,Barbie,Barbie,2023,PG-13,21 Jul 2023,114 min,"Adventure, Comedy, Fantasy",Greta Gerwig,"Greta Gerwig, Noah Baumbach","Margot Robbie, Ryan Gosling, Issa Rae","Barbie and Ken are having the time of their lives in the seemingly perfect world of Barbie Land. However, when they get a chance to go to the outside world, they soon discover the joys and perils of living among regular humans.","English, Spanish","United States, United Kingdom",Won 1 Oscar. 211 wins & 435 nominations total,https://m.media-amazon.com/images/M/MV5BYjI3NDU0ZGYtYjA2YS00Y2RlLTgwZDAtYTE2YTM5ZjE1M2JlXkEyXkFqcGc@._V1_SX300.jpg,80,6.8,"626,950",tt1517268,movie,N/A,"$636,238,421",N/A,N/A,6.8/10,88%,80/100,
85,Up,Up,2009,PG,29 May 2009,96 min,"Animation, Adventure, Comedy","Pete Docter, Bob Peterson","Pete Docter, Bob Peterson, Tom McCarthy","Edward Asner, Jordan Nagai, John Ratzenberger","78-year-old Carl Fredricksen travels to South America in his house equipped with balloons, inadvertently taking a young stowaway.",English,United States,Won 2 Oscars. 81 wins & 88 nominations total,https://m.media-amazon.com/images/M/MV5BNmI1ZTc5MWMtMDYyOS00ZDc2LTkzOTAtNjQ4NWIxNjYyNDgzXkEyXkFqcGc@._V1_SX300.jpg,88,8.3,"1,199,627",tt1049413,movie,N/A,"$293,004,164",N/A,N/A,8.3/10,98%,88/100,
86,Dune: Part One,Dune: Part One,2021,PG-13,22 Oct 2021,155 min,"Action, Adventure, Drama",Denis Villeneuve,"Jon Spaihts, Denis Villeneuve, Eric Roth","Timothée Chalamet, Rebecca Ferguson, Zendaya","Paul Atreides arrives on Arrakis after his father accepts the stewardship of the dangerous planet. However, chaos ensues after a betrayal as forces clash to control melange, a precious resource.","English, Mandarin","United States, Canada",Won 6 Oscars. 175 wins & 298 nominations total,https://m.media-amazon.com/images/M/MV5BNWIyNmU5MGYtZDZmNi00ZjAwLWJlYjgtZTc0ZGIxMDE4ZGYwXkEyXkFqcGc@._V1_SX300.jpg,74,8.0,"972,375",tt1160419,movie,N/A,"$108,897,830",N/A,N/A,8.0/10,83%,74/100,
87,The Master,The Master,2012,R,21 Sep 2012,138 min,Drama,Paul Thomas Anderson,Paul Thomas Anderson,"Joaquin Phoenix, Philip Seymour Hoffman, Amy Adams",A Naval veteran arrives home from war unsettled and uncertain of his future - until he is tantalized by a cult and its charismatic leader.,"English, Filipino",United States,Nominated for 3 Oscars. 75 wins & 187 nominations total,https://m.media-amazon.com/images/M/MV5BMTQ2NjQ5MzMwMF5BMl5BanBnXkFtZTcwMjczNTAzOA@@._V1_SX300.jpg,86,7.1,"193,691",tt1560747,movie,N/A,"$16,377,274",N/A,N/A,7.1/10,85%,86/100,
88,Top Gun: Maverick,Top Gun: Maverick,2022,PG-13,27 May 2022,130 min,"Action, Drama",Joseph Kosinski,"Jim Cash, Jack Epps Jr., Peter Craig","Tom Cruise, Jennifer Connelly, Miles Teller","The story involves Maverick confronting his past while training a group of younger Top Gun graduates, including the son of his deceased best friend, for a dangerous mission.",English,United States,Won 1 Oscar. 111 wins & 235 nominations total,https://m.media-amazon.com/images/M/MV5BMDBkZDNjMWEtOTdmMi00NmExLTg5MmMtNTFlYTJlNWY5YTdmXkEyXkFqcGc@._V1_SX300.jpg,78,8.2,"799,790",tt1745960,movie,N/A,"$718,732,821",N/A,N/A,8.2/10,96%,78/100,
89,Drive My Car,Drive My Car,2021,Unrated,20 Aug 2021,179 min,Drama,Ryûsuke Hamaguchi,"Haruki Murakami, Ryûsuke Hamaguchi, Takamasa Ôe","Hidetoshi Nishijima, Tôko Miura, Reika Kirishima",A renowned stage actor and director learns to cope with a big personal loss when he receives an offer to direct a production of Uncle Vanya in Hiroshima.,"Japanese, English, Korean Sign , Korean, Mandarin, Tagalog, Indonesian, German, Malay",Japan,Won 1 Oscar. 98 wins & 113 nominations total,https://m.media-amazon.com/images/M/MV5BOGE5ZWRhYjYtNzVkMS00ZGU3LTg2MTMtODYyMmJlMDMyZjU0XkEyXkFqcGc@._V1_SX300.jpg,91,7.5,"72,800",tt14039582,movie,N/A,"$2,352,240",N/A,N/A,7.5/10,97%,91/100,
90,Bridesmaids,Bridesmaids,2011,R,13 May 2011,125 min,Comedy,Paul Feig,"Kristen Wiig, Annie Mumolo","Kristen Wiig, Maya Rudolph, Rose Byrne","Competition between the maid of honor and a bridesmaid, over who is the bride's best friend, threatens to upend the life of an out-of-work pastry chef.","English, Thai, Spanish, French",United States,Nominated for 2 Oscars. 25 wins & 72 nominations total,https://m.media-amazon.com/images/M/MV5BMjAyOTMyMzUxNl5BMl5BanBnXkFtZTcwODI4MzE0NA@@._V1_SX300.jpg,75,6.8,"320,223",tt1478338,movie,N/A,"$169,106,725",N/A,N/A,6.8/10,89%,75/100,
91,Knives Out,Knives Out,2019,PG-13,27 Nov 2019,130 min,"Comedy, Crime, Drama",Rian Johnson,Rian Johnson,"Daniel Craig, Chris Evans, Ana de Armas","When renowned crime novelist Harlan Thrombey is found dead at his estate just after his 85th birthday, the inquisitive and debonair Detective Benoit Blanc is mysteriously enlisted to investigate.",English,United States,Nominated for 1 Oscar. 52 wins & 113 nominations total,https://m.media-amazon.com/images/M/MV5BZDU5ZTRkYmItZjg0Mi00ZTQwLThjMWItNWM3MTMxMzVjZmVjXkEyXkFqcGc@._V1_SX300.jpg,82,7.9,"831,264",tt8946378,movie,N/A,"$165,363,234",N/A,N/A,7.9/10,97%,82/100,
92,The Incredibles,The Incredibles,2004,PG,05 Nov 2004,115 min,"Animation, Action, Adventure",Brad Bird,Brad Bird,"Craig T. Nelson, Samuel L. Jackson, Holly Hunter","While trying to lead a quiet suburban life, a family of undercover superheroes are forced into action to save the world.","English, French, German, Italian, Portuguese, Russian",United States,Won 2 Oscars. 69 wins & 56 nominations total,https://m.media-amazon.com/images/M/MV5BMTY5OTU0OTc2NV5BMl5BanBnXkFtZTcwMzU4MDcyMQ@@._V1_SX300.jpg,90,8.0,"870,392",tt0317705,movie,29 Mar 2005,"$261,441,092",N/A,N/A,8.0/10,,90/100,
93,Killers of the Flower Moon,Killers of the Flower Moon,2023,R,20 Oct 2023,206 min,"Crime, Drama, History",Martin Scorsese,"Eric Roth, Martin Scorsese, David Grann","Leonardo DiCaprio, Robert De Niro, Lily Gladstone","When oil is discovered in 1920s Oklahoma under Osage Nation land, the Osage people are murdered one by one - until the FBI steps in to unravel the mystery.","English, Osage, Latin, French",United States,Nominated for 10 Oscars. 136 wins & 424 nominations total,https://m.media-amazon.com/images/M/MV5BZWY5ZDVjNTUtODI5Yy00MjFhLWEyM2EtYzZjM2VjZTI0MTBjXkEyXkFqcGc@._V1_SX300.jpg,89,7.6,"288,611",tt5537002,movie,N/A,"$68,035,488",N/A,N/A,7.6/10,93%,89/100,
94,Moneyball,Moneyball,2011,PG-13,23 Sep 2011,133 min,"Biography, Drama, Sport",Bennett Miller,"Steven Zaillian, Aaron Sorkin, Stan Chervin","Brad Pitt, Robin Wright, Jonah Hill",Oakland A's general manager Billy Beane's successful attempt to assemble a baseball team on a lean budget by employing computer-generated analysis to acquire new players.,English,United States,Nominated for 6 Oscars. 29 wins & 82 nominations total,https://m.media-amazon.com/images/M/MV5BMjAxOTU3Mzc1M15BMl5BanBnXkFtZTcwMzk1ODUzNg@@._V1_SX300.jpg,87,7.6,"493,220",tt1210166,movie,N/A,"$75,605,492",N/A,N/A,7.6/10,94%,87/100,
95,Inside Llewyn Davis,Inside Llewyn Davis,2013,R,10 Jan 2014,104 min,"Drama, Music","Ethan Coen, Joel Coen","Joel Coen, Ethan Coen","Oscar Isaac, Carey Mulligan, John Goodman",A week in the life of a young singer as he navigates the Greenwich Village folk scene of 1961.,English,"United States, United Kingdom, France",Nominated for 2 Oscars. 47 wins & 174 nominations total,https://m.media-amazon.com/images/M/MV5BMjAxNjcyNDQxM15BMl5BanBnXkFtZTgwNzU2NDA0MDE@._V1_SX300.jpg,93,7.4,"169,425",tt2042568,movie,N/A,"$13,235,319",N/A,N/A,7.4/10,92%,93/100,
96,Howl’s Moving Castle,Howl's Moving Castle,2004,PG,17 Jun 2005,119 min,"Animation, Adventure, Family",Hayao Miyazaki,"Hayao Miyazaki, Diana Wynne Jones","Chieko Baishô, Takuya Kimura, Tatsuya Gashûin","When an unconfident young woman is cursed with an old body by a spiteful witch, her only chance of breaking the spell lies with a self-indulgent yet insecure young wizard and his companions in his legged, walking castle.",Japanese,"Japan, United States",Nominated for 1 Oscar. 14 wins & 20 nominations total,https://m.media-amazon.com/images/M/MV5BMTY1OTg0MjE3MV5BMl5BanBnXkFtZTcwNTUxMTkyMQ@@._V1_SX300.jpg,82,8.2,"492,318",tt0347149,movie,N/A,"$9,173,958",N/A,N/A,8.2/10,88%,82/100,
97,The Lighthouse,The Lighthouse,2019,R,01 Nov 2019,109 min,"Drama, Fantasy, Horror",Robert Eggers,"Robert Eggers, Max Eggers","Robert Pattinson, Willem Dafoe, Valeriia Karaman",Two lighthouse keepers try to maintain their sanity while living on a remote and mysterious New England island in the 1890s.,English,"Canada, United States",Nominated for 1 Oscar. 34 wins & 139 nominations total,https://m.media-amazon.com/images/M/MV5BMTI4MjFhMjAtNmQxYi00N2IxLWJjMGEtYWY1YmU3OTQ0Zjk3XkEyXkFqcGc@._V1_SX300.jpg,83,7.4,"289,256",tt7984734,movie,N/A,"$10,867,104",N/A,N/A,7.4/10,90%,83/100,
98,The Holdovers,The Holdovers,2023,R,10 Nov 2023,133 min,"Comedy, Drama",Alexander Payne,David Hemingson,"Paul Giamatti, Da'Vine Joy Randolph, Dominic Sessa","In 1970, a curmudgeonly history teacher at a New England boarding school remains on campus during Christmas break to supervise held over students, and ends up forming an unlikely bond with a brainy but damaged troublemaker.",English,United States,Won 1 Oscar. 137 wins & 209 nominations total,https://m.media-amazon.com/images/M/MV5BOWY3MjUzZTctOTI5ZC00MDA5LTk4ZTMtZWJjNjRmMzE4ZmI2XkEyXkFqcGc@._V1_SX300.jpg,82,7.9,"204,040",tt14849194,movie,N/A,"$20,355,375",N/A,N/A,7.9/10,97%,82/100,
99,Midsommar,Midsommar,2019,R,03 Jul 2019,148 min,"Drama, Horror, Mystery",Ari Aster,Ari Aster,"Florence Pugh, Jack Reynor, Vilhelm Blomgren",A couple travels to Northern Europe to visit a rural hometown's fabled Swedish mid-summer festival. What begins as an idyllic retreat quickly devolves into an increasingly violent and bizarre competition at the hands of a pagan cult.,"English, Swedish","United States, Sweden",27 wins & 74 nominations total,https://m.media-amazon.com/images/M/MV5BMzQxNzQzOTQwM15BMl5BanBnXkFtZTgwMDQ2NTcwODM@._V1_SX300.jpg,72,7.1,"457,462",tt8772262,movie,N/A,"$27,426,361",N/A,N/A,7.1/10,83%,72/100,
100,Avengers: Endgame,Avengers: Endgame,2019,PG-13,26 Apr 2019,181 min,"Action, Adventure, Sci-Fi","Anthony Russo, Joe Russo","Christopher Markus, Stephen McFeely, Stan Lee","Robert Downey Jr., Chris Evans, Mark Ruffalo","After the devastating events of Avengers: Infinity War (2018), the universe is in ruins. With the help of remaining allies, the Avengers assemble once more in order to reverse Thanos' actions and restore balance to the universe.","English, Japanese, Xhosa, German",United States,Nominated for 1 Oscar. 70 wins & 132 nominations total,https://m.media-amazon.com/images/M/MV5BMTc5MDE2ODcwNV5BMl5BanBnXkFtZTgwMzI2NzQ2NzM@._V1_SX300.jpg,78,8.4,"1,390,337",tt4154796,movie,N/A,"$858,373,000",N/A,N/A,8.4/10,94%,78/100,
